Title,url
Spider-Man,http://www.imdb.com/title/tt0145487/
Spider-Man 2,http://www.imdb.com/title/tt0316654/
Spider-Man 3,http://www.imdb.com/title/tt0413300/
The Matrix,http://www.imdb.com/title/tt0133093/
The Matrix Reloaded,http://www.imdb.com/title/tt0234215/
The Matrix Revolutions,http://www.imdb.com/title/tt0242653/
The Lord of the Rings: The Fellowship of the Ring,http://www.imdb.com/title/tt0120737/
The Lord of the Rings: The Two Towers,http://www.imdb.com/title/tt0167261/
The Lord of the Rings: The Return of the King,http://www.imdb.com/title/tt0167260/
Back to the Future,http://www.imdb.com/title/tt0088763/
Back to the Future Part II,http://www.imdb.com/title/tt0096874/
Back to the Future Part III,http://www.imdb.com/title/tt0099088/
Lethal Weapon,http://www.imdb.com/title/tt0093409/
Lethal Weapon 2,http://www.imdb.com/title/tt0097733/
Lethal Weapon 3,http://www.imdb.com/title/tt0104714/
Lethal Weapon 4,http://www.imdb.com/title/tt0122151/
Die Hard,http://www.imdb.com/title/tt0095016/
Die Hard 2,http://www.imdb.com/title/tt0099423/
Die Hard with a Vengeance,http://www.imdb.com/title/tt0112864/
Live Free or Die Hard,http://www.imdb.com/title/tt0337978/
A Good Day to Die Hard,http://www.imdb.com/title/tt1606378/
Mad Max,http://www.imdb.com/title/tt0079501/
Mad Max 2: The Road Warrior,http://www.imdb.com/title/tt0082694/
Mad Max Beyond Thunderdome,http://www.imdb.com/title/tt0089530/
Rocky,http://www.imdb.com/title/tt0075148/
Rocky II,http://www.imdb.com/title/tt0079817/
Rocky III,http://www.imdb.com/title/tt0084602/
Rocky IV,http://www.imdb.com/title/tt0089927/
Rocky V,http://www.imdb.com/title/tt0100507/
Rocky Balboa,http://www.imdb.com/title/tt0479143/
First Blood,http://www.imdb.com/title/tt0083944/
Rambo: First Blood Part II,http://www.imdb.com/title/tt0089880/
Rambo III,http://www.imdb.com/title/tt0095956/
Rambo,http://www.imdb.com/title/tt0462499/
The Terminator,http://www.imdb.com/title/tt0088247/
Terminator 2: Judgment Day,http://www.imdb.com/title/tt0103064/
Terminator 3: Rise of the Machines,http://www.imdb.com/title/tt0181852/
Terminator Salvation,http://www.imdb.com/title/tt0438488/
RoboCop,http://www.imdb.com/title/tt0093870/
RoboCop 2,http://www.imdb.com/title/tt0100502/
RoboCop 3,http://www.imdb.com/title/tt0107978/
X-Men,http://www.imdb.com/title/tt0120903/
X2: X-Men United,http://www.imdb.com/title/tt0290334/
X-Men: The Last Stand,http://www.imdb.com/title/tt0376994/
X: First Class,http://www.imdb.com/title/tt1270798/
X-Men: Days of Future Past,http://www.imdb.com/title/tt1877832/
X-Men Origins: Wolverine,http://www.imdb.com/title/tt0458525/
The Wolverine,http://www.imdb.com/title/tt1430132/
The Fast and the Furious,http://www.imdb.com/title/tt0232500/
2 Fast 2 Furious,http://www.imdb.com/title/tt0322259/
The Fast and the Furious: Tokyo Drift,http://www.imdb.com/title/tt0463985/
Fast & Furious,http://www.imdb.com/title/tt1013752/
Fast Five,http://www.imdb.com/title/tt1596343/
xXx,http://www.imdb.com/title/tt0295701/
xXx: State of the Union,http://www.imdb.com/title/tt0329774/
Pitch Black,http://www.imdb.com/title/tt0134847/
The Chronicles of Riddick,http://www.imdb.com/title/tt0296572/
Riddick,http://www.imdb.com/title/tt1411250/
The Transporter,http://www.imdb.com/title/tt0293662/
Transporter 2,http://www.imdb.com/title/tt0388482/
Transporter 3,http://www.imdb.com/title/tt1129442/
Crank,http://www.imdb.com/title/tt0479884/
Crank: High Voltage,http://www.imdb.com/title/tt1121931/
Alien,http://www.imdb.com/title/tt0078748/
Aliens,http://www.imdb.com/title/tt0090605/
Alien 3,http://www.imdb.com/title/tt0103644/
Alien: Resurrection,http://www.imdb.com/title/tt0118583/
Alien vs. Predator,http://www.imdb.com/title/tt0370263/
Aliens vs. Predator: Requiem,http://www.imdb.com/title/tt0758730/
Predator,http://www.imdb.com/title/tt0093773/
Predator 2,http://www.imdb.com/title/tt0100403/
Predators,http://www.imdb.com/title/tt1424381/
The Evil Dead,http://www.imdb.com/title/tt0083907/
Evil Dead II,http://www.imdb.com/title/tt0092991/
Army of Darkness,http://www.imdb.com/title/tt0106308/
Saw,http://www.imdb.com/title/tt0387564/
Saw II,http://www.imdb.com/title/tt0432348/
Saw III,http://www.imdb.com/title/tt0489270/
Saw IV,http://www.imdb.com/title/tt0890870/
Saw V,http://www.imdb.com/title/tt1132626/
Saw VI,http://www.imdb.com/title/tt1233227/
Saw: The Final Chapter,http://www.imdb.com/title/tt1477076/
Species,http://www.imdb.com/title/tt0114508/
Species II,http://www.imdb.com/title/tt0120841/
Scream,http://www.imdb.com/title/tt0117571/
Scream 2,http://www.imdb.com/title/tt0120082/
Scream 3,http://www.imdb.com/title/tt0134084/
Scream 4,http://www.imdb.com/title/tt1262416/
Final Destination,http://www.imdb.com/title/tt0195714/
Final Destination 2,http://www.imdb.com/title/tt0309593/
Final Destination 3,http://www.imdb.com/title/tt0414982/
The Final Destination,http://www.imdb.com/title/tt1144884/
Final Destination 5,http://www.imdb.com/title/tt1622979/
Underworld,http://www.imdb.com/title/tt0320691/
Underworld: Evolution,http://www.imdb.com/title/tt0401855/
Underworld: Rise of the Lycans,http://www.imdb.com/title/tt0834001/
Underworld Awakening,http://www.imdb.com/title/tt1496025/
Darkman,http://www.imdb.com/title/tt0099365/
Transformers,http://www.imdb.com/title/tt0418279/
Transformers: Revenge of the Fallen,http://www.imdb.com/title/tt1055369/
Transformers: Dark of the Moon,http://www.imdb.com/title/tt1399103/
American Pie,http://www.imdb.com/title/tt0163651/
American Pie 2,http://www.imdb.com/title/tt0252866/
American Wedding,http://www.imdb.com/title/tt0328828/
Fantastic Four,http://www.imdb.com/title/tt0120667/
Fantastic Four: Rise of the Silver Surfer,http://www.imdb.com/title/tt0486576/
Hulk,http://www.imdb.com/title/tt0286716/
The Incredible Hulk,http://www.imdb.com/title/tt0800080/
Superman,http://www.imdb.com/title/tt0078346/
Superman II,http://www.imdb.com/title/tt0081573/
Superman III,http://www.imdb.com/title/tt0086393/
Superman IV: The Quest for Peace,http://www.imdb.com/title/tt0094074/
Cruel Intentions,http://www.imdb.com/title/tt0139134/
Wild Things,http://www.imdb.com/title/tt0120890/
Urban Legend,http://www.imdb.com/title/tt0146336/
Urban Legends: Final Cut,http://www.imdb.com/title/tt0192731/
The Punisher,http://www.imdb.com/title/tt0330793/
Punisher: War Zone,http://www.imdb.com/title/tt0450314/
Batman,http://www.imdb.com/title/tt0096895/
Batman Returns,http://www.imdb.com/title/tt0103776/
Batman Forever,http://www.imdb.com/title/tt0112462/
Batman & Robin,http://www.imdb.com/title/tt0118688/
Batman Begins,http://www.imdb.com/title/tt0372784/
The Dark Knight,http://www.imdb.com/title/tt0468569/
The Dark Knight Rises,http://www.imdb.com/title/tt1345836/
Hellboy,http://www.imdb.com/title/tt0167190/
Hellboy II: The Golden Army,http://www.imdb.com/title/tt0411477/
Blade,http://www.imdb.com/title/tt0120611/
Blade II,http://www.imdb.com/title/tt0187738/
Blade: Trinity,http://www.imdb.com/title/tt0359013/
Superman Returns,http://www.imdb.com/title/tt0348150/
Daredevil,http://www.imdb.com/title/tt0287978/
Elektra,http://www.imdb.com/title/tt0357277/
The Crow,http://www.imdb.com/title/tt0109506/
The Crow: City of Angels,http://www.imdb.com/title/tt0115986/
The Crow: Salvation,http://www.imdb.com/title/tt0132910/
The Crow: Wicked Prayer,http://www.imdb.com/title/tt0353324/
Men in Black,http://www.imdb.com/title/tt0119654/
Men in Black II,http://www.imdb.com/title/tt0120912/
Men in Black 3,http://www.imdb.com/title/tt1409024/
Resident Evil,http://www.imdb.com/title/tt0120804/
Resident Evil: Apocalypse,http://www.imdb.com/title/tt0318627/
Resident Evil: Extinction,http://www.imdb.com/title/tt0432021/
Resident Evil: Afterlife,http://www.imdb.com/title/tt1220634/
Resident Evil: Retribution,http://www.imdb.com/title/tt1855325/
From Dusk Till Dawn,http://www.imdb.com/title/tt0116367/
Spy Kids,http://www.imdb.com/title/tt0227538/
Spy Kids 2: Island of Lost Dreams,http://www.imdb.com/title/tt0287717/
Spy Kids 3-D: Game Over,http://www.imdb.com/title/tt0338459/
Spy Kids 4: All the Time in the World,http://www.imdb.com/title/tt1517489/
I Know What You Did Last Summer,http://www.imdb.com/title/tt0119345/
I Still Know What You Did Last Summer,http://www.imdb.com/title/tt0130018/
Garfield,http://www.imdb.com/title/tt0356634/
Garfield: A Tail of Two Kitties,http://www.imdb.com/title/tt0455499/
Iron Man,http://www.imdb.com/title/tt0371746/
Iron Man 2,http://www.imdb.com/title/tt1228705/
Iron Man Three,http://www.imdb.com/title/tt1300854/
Shrek,http://www.imdb.com/title/tt0126029/
Shrek 2,http://www.imdb.com/title/tt0298148/
Shrek the Third,http://www.imdb.com/title/tt0413267/
Shrek Forever After,http://www.imdb.com/title/tt0892791/
Secret of the Wings,http://www.imdb.com/title/tt1217213/
Jurassic Park,http://www.imdb.com/title/tt0107290/
The Lost World: Jurassic Park,http://www.imdb.com/title/tt0119567/
Jurassic Park III,http://www.imdb.com/title/tt0163025/
Jurassic World,http://www.imdb.com/title/tt0369610/
Raiders of the Lost Ark,http://www.imdb.com/title/tt0082971/
Indiana Jones and the Temple of Doom,http://www.imdb.com/title/tt0087469/
Indiana Jones and the Last Crusade,http://www.imdb.com/title/tt0097576/
Indiana Jones and the Kingdom of the Crystal Skull,http://www.imdb.com/title/tt0367882/
Star Wars: Episode I - The Phantom Menace,http://www.imdb.com/title/tt0120915/
Star Wars: Episode II - Attack of the Clones,http://www.imdb.com/title/tt0121765/
Star Wars: Episode III - Revenge of the Sith,http://www.imdb.com/title/tt0121766/
Star Wars: Episode IV - A New Hope,http://www.imdb.com/title/tt0076759/
Star Wars: Episode V - The Empire Strikes Back,http://www.imdb.com/title/tt0080684/
Star Wars: Episode VI - Return of the Jedi,http://www.imdb.com/title/tt0086190/
Austin Powers: The Spy Who Shagged Me,http://www.imdb.com/title/tt0145660/
Austin Powers: International Man of Mystery,http://www.imdb.com/title/tt0118655/
Austin Powers in Goldmember,http://www.imdb.com/title/tt0295178/
Twilight,http://www.imdb.com/title/tt1099212/
The Twilight Saga: New Moon,http://www.imdb.com/title/tt1259571/
The Twilight Saga: Eclipse,http://www.imdb.com/title/tt1325004/
The Twilight Saga: Breaking Dawn - Part 1,http://www.imdb.com/title/tt1324999/
The Twilight Saga: Breaking Dawn - Part 2,http://www.imdb.com/title/tt1673434/
The Messengers,http://www.imdb.com/title/tt0425430/
Kill Bill: Vol. 1,http://www.imdb.com/title/tt0266697/
Kill Bill: Vol. 2,http://www.imdb.com/title/tt0378194/
The Mask of Zorro,http://www.imdb.com/title/tt0120746/
The Legend of Zorro,http://www.imdb.com/title/tt0386140/
Ghostbusters,http://www.imdb.com/title/tt0087332/
Ghostbusters II,http://www.imdb.com/title/tt0097428/
The Santa Clause,http://www.imdb.com/title/tt0111070/
The Santa Clause 2,http://www.imdb.com/title/tt0304669/
The Santa Clause 3: The Escape Clause,http://www.imdb.com/title/tt0452681/
Doctor Dolittle,http://www.imdb.com/title/tt0118998/
Dr. Dolittle 2,http://www.imdb.com/title/tt0240462/
The Nutty Professor,http://www.imdb.com/title/tt0117218/
Nutty Professor II: The Klumps,http://www.imdb.com/title/tt0144528/
Beverly Hills Cop,http://www.imdb.com/title/tt0086960/
Beverly Hills Cop II,http://www.imdb.com/title/tt0092644/
Beverly Hills Cop III,http://www.imdb.com/title/tt0109254/
48 Hrs.,http://www.imdb.com/title/tt0083511/
Another 48 Hrs.,http://www.imdb.com/title/tt0099044/
Father of the Bride,http://www.imdb.com/title/tt0101862/
Father of the Bride Part II,http://www.imdb.com/title/tt0113041/
Speed,http://www.imdb.com/title/tt0111257/
Speed 2: Cruise Control,http://www.imdb.com/title/tt0120179/
Scary Movie,http://www.imdb.com/title/tt0175142/
Scary Movie 2,http://www.imdb.com/title/tt0257106/
Scary Movie 3,http://www.imdb.com/title/tt0306047/
Scary Movie 4,http://www.imdb.com/title/tt0362120/
Scary Movie 5,http://www.imdb.com/title/tt0795461/
The Ring,http://www.imdb.com/title/tt0298130/
The Ring Two,http://www.imdb.com/title/tt0377109/
The Texas Chainsaw Massacre 2,http://www.imdb.com/title/tt0092076/
Leatherface: Texas Chainsaw Massacre III,http://www.imdb.com/title/tt0099994/
Texas Chainsaw Massacre: The Next Generation,http://www.imdb.com/title/tt0110978/
The Texas Chainsaw Massacre,http://www.imdb.com/title/tt0324216/
The Texas Chainsaw Massacre: The Beginning,http://www.imdb.com/title/tt0420294/
Meet the Parents,http://www.imdb.com/title/tt0212338/
Meet the Fockers,http://www.imdb.com/title/tt0290002/
Little Fockers,http://www.imdb.com/title/tt0970866/
Shanghai Noon,http://www.imdb.com/title/tt0184894/
Shanghai Knights,http://www.imdb.com/title/tt0300471/
Anaconda,http://www.imdb.com/title/tt0118615/
Anacondas: The Hunt for the Blood Orchid,http://www.imdb.com/title/tt0366174/
Behind Enemy Lines,http://www.imdb.com/title/tt0159273/
The Marine,http://www.imdb.com/title/tt0419946/
Walking Tall,http://www.imdb.com/title/tt0351977/
Walking Tall,http://www.imdb.com/title/tt0070895/
Walking Tall Part II,http://www.imdb.com/title/tt0073880/
Final Chapter: Walking Tall,http://www.imdb.com/title/tt0076028/
Vacancy,http://www.imdb.com/title/tt0452702/
Vacancy 2: The First Cut,http://www.imdb.com/title/tt1204979/
Hostel,http://www.imdb.com/title/tt0450278/
Hostel: Part II,http://www.imdb.com/title/tt0498353/
Charlie's Angels,http://www.imdb.com/title/tt0160127/
Charlie's Angels: Full Throttle,http://www.imdb.com/title/tt0305357/
Bad Boys,http://www.imdb.com/title/tt0112442/
Bad Boys II,http://www.imdb.com/title/tt0172156/
Bad Boys For Life,http://www.imdb.com/title/tt1502397/
Big Momma's House,http://www.imdb.com/title/tt0208003/
Big Momma's House 2,http://www.imdb.com/title/tt0421729/
"Big Mommas: Like Father, Like Son",http://www.imdb.com/title/tt1464174/
Open Season,http://www.imdb.com/title/tt0400717/
Open Season 3,http://www.imdb.com/title/tt1646926/
The Grudge,http://www.imdb.com/title/tt0391198/
The Grudge 2,http://www.imdb.com/title/tt0433386/
The Grudge 3,http://www.imdb.com/title/tt1053859/
National Lampoon's Van Wilder,http://www.imdb.com/title/tt0283111/
Van Wilder 2: The Rise of Taj,http://www.imdb.com/title/tt0480271/
The Butterfly Effect,http://www.imdb.com/title/tt0289879/
The Butterfly Effect 2,http://www.imdb.com/title/tt0457297/
The Butterfly Effect 3: Revelations,http://www.imdb.com/title/tt1234541/
Harold & Kumar Go to White Castle,http://www.imdb.com/title/tt0366551/
Harold & Kumar Escape from Guantanamo Bay,http://www.imdb.com/title/tt0481536/
A Very Harold & Kumar Christmas,http://www.imdb.com/title/tt1268799/
Hollow Man,http://www.imdb.com/title/tt0164052/
Starship Troopers,http://www.imdb.com/title/tt0120201/
Ice Age,http://www.imdb.com/title/tt0268380/
Ice Age: The Meltdown,http://www.imdb.com/title/tt0438097/
Ice Age: Dawn of the Dinosaurs,http://www.imdb.com/title/tt1080016/
Ice Age: Continental Drift,http://www.imdb.com/title/tt1667889/
Madagascar,http://www.imdb.com/title/tt0351283/
Madagascar: Escape 2 Africa,http://www.imdb.com/title/tt0479952/
Madagascar 3: Europe's Most Wanted,http://www.imdb.com/title/tt1277953/
Kung Fu Panda,http://www.imdb.com/title/tt0441773/
Kung Fu Panda 2,http://www.imdb.com/title/tt1302011/
The Lion King,http://www.imdb.com/title/tt0110357/
The Little Mermaid,http://www.imdb.com/title/tt0097757/
The Prince and Me,http://www.imdb.com/title/tt0337697/
The Princess Diaries,http://www.imdb.com/title/tt0247638/
The Princess Diaries 2: Royal Engagement,http://www.imdb.com/title/tt0368933/
Bridget Jones's Diary,http://www.imdb.com/title/tt0243155/
Bridget Jones: The Edge of Reason,http://www.imdb.com/title/tt0317198/
Bridget Jones's Baby,http://www.imdb.com/title/tt1473832/
Mulan,http://www.imdb.com/title/tt0120762/
Bambi,http://www.imdb.com/title/tt0034492/
The Bourne Identity,http://www.imdb.com/title/tt0258463/
The Bourne Supremacy,http://www.imdb.com/title/tt0372183/
The Bourne Ultimatum,http://www.imdb.com/title/tt0440963/
The Bourne Legacy,http://www.imdb.com/title/tt1194173/
The Fox and the Hound,http://www.imdb.com/title/tt0082406/
Brother,http://www.imdb.com/title/tt0118767/
Brat 2,http://www.imdb.com/title/tt0238883/
Brother Bear,http://www.imdb.com/title/tt0328880/
Class of 1999,http://www.imdb.com/title/tt0099277/
Class of 1999 II: The Substitute,http://www.imdb.com/title/tt0109442/
Clash of the Titans,http://www.imdb.com/title/tt0800320/
Wrath of the Titans,http://www.imdb.com/title/tt1646987/
Halloween,http://www.imdb.com/title/tt0077651/
Halloween II,http://www.imdb.com/title/tt0082495/
Halloween III: Season of the Witch,http://www.imdb.com/title/tt0085636/
Halloween 4: The Return of Michael Myers,http://www.imdb.com/title/tt0095271/
Halloween 5: The Revenge of Michael Myers,http://www.imdb.com/title/tt0097474/
Halloween: The Curse of Michael Myers,http://www.imdb.com/title/tt0113253/
Halloween H20: 20 Years Later,http://www.imdb.com/title/tt0120694/
Halloween: Resurrection,http://www.imdb.com/title/tt0220506/
Halloween,http://www.imdb.com/title/tt0373883/
Halloween II,http://www.imdb.com/title/tt1311067/
Halloween,http://www.imdb.com/title/tt1502407/
Joy Ride,http://www.imdb.com/title/tt0206314/
Wrong Turn,http://www.imdb.com/title/tt0295700/
Wishmaster,http://www.imdb.com/title/tt0120524/
Hot Shots!,http://www.imdb.com/title/tt0102059/
Hot Shots! Part Deux,http://www.imdb.com/title/tt0107144/
The Naked Gun: From the Files of Police Squad!,http://www.imdb.com/title/tt0095705/
The Naked Gun 2½: The Smell of Fear,http://www.imdb.com/title/tt0102510/
Naked Gun 33 1/3: The Final Insult,http://www.imdb.com/title/tt0110622/
Marley & Me,http://www.imdb.com/title/tt0822832/
Beverly Hills Chihuahua,http://www.imdb.com/title/tt1014775/
Night at the Museum,http://www.imdb.com/title/tt0477347/
Night at the Museum: Battle of the Smithsonian,http://www.imdb.com/title/tt1078912/
Beauty and the Beast,http://www.imdb.com/title/tt0101414/
Cinderella,http://www.imdb.com/title/tt0042332/
A Cinderella Story,http://www.imdb.com/title/tt0356470/
Hellraiser,http://www.imdb.com/title/tt0093177/
Hellbound: Hellraiser II,http://www.imdb.com/title/tt0095294/
Hellraiser III: Hell on Earth,http://www.imdb.com/title/tt0104409/
Hellraiser: Bloodline,http://www.imdb.com/title/tt0116514/
Hellraiser: Revelations,http://www.imdb.com/title/tt1716747/
Candyman,http://www.imdb.com/title/tt0103919/
Candyman: Farewell to the Flesh,http://www.imdb.com/title/tt0112625/
Jeepers Creepers,http://www.imdb.com/title/tt0263488/
Jeepers Creepers 2,http://www.imdb.com/title/tt0301470/
Jeepers Creepers III,http://www.imdb.com/title/tt1139592/
Boogeyman,http://www.imdb.com/title/tt0357507/
Boogeyman 2,http://www.imdb.com/title/tt0900357/
The Boogey Man,http://www.imdb.com/title/tt0080464/
Boogeyman II,http://www.imdb.com/title/tt0085266/
The Prophecy,http://www.imdb.com/title/tt0114194/
Street Kings,http://www.imdb.com/title/tt0421073/
S.W.A.T.,http://www.imdb.com/title/tt0257076/
The Omen,http://www.imdb.com/title/tt0075005/
Damien: Omen II,http://www.imdb.com/title/tt0077394/
The Final Conflict,http://www.imdb.com/title/tt0082377/
Step Up,http://www.imdb.com/title/tt0462590/
Step Up 2: The Streets,http://www.imdb.com/title/tt1023481/
Step Up 3D,http://www.imdb.com/title/tt1193631/
Step Up Revolution,http://www.imdb.com/title/tt1800741/
Save the Last Dance,http://www.imdb.com/title/tt0206275/
The Karate Kid,http://www.imdb.com/title/tt0087538/
The Karate Kid Part II,http://www.imdb.com/title/tt0091326/
The Karate Kid Part III,http://www.imdb.com/title/tt0097647/
The Next Karate Kid,http://www.imdb.com/title/tt0110657/
The Karate Kid,http://www.imdb.com/title/tt1155076/
The Mummy,http://www.imdb.com/title/tt0120616/
The Mummy Returns,http://www.imdb.com/title/tt0209163/
The Mummy: Tomb of the Dragon Emperor,http://www.imdb.com/title/tt0859163/
The Scorpion King,http://www.imdb.com/title/tt0277296/
Alvin and the Chipmunks,http://www.imdb.com/title/tt0952640/
Alvin and the Chipmunks: The Squeakquel,http://www.imdb.com/title/tt1231580/
Alvin and the Chipmunks: Chipwrecked,http://www.imdb.com/title/tt1615918/
The Fugitive,http://www.imdb.com/title/tt0106977/
U.S. Marshals,http://www.imdb.com/title/tt0120873/
Mimic,http://www.imdb.com/title/tt0119675/
Analyze This,http://www.imdb.com/title/tt0122933/
Analyze That,http://www.imdb.com/title/tt0289848/
The Whole Nine Yards,http://www.imdb.com/title/tt0190138/
The Whole Ten Yards,http://www.imdb.com/title/tt0327247/
The Addams Family,http://www.imdb.com/title/tt0101272/
Addams Family Values,http://www.imdb.com/title/tt0106220/
Sniper,http://www.imdb.com/title/tt0108171/
Sex and the City,http://www.imdb.com/title/tt1000774/
Sex and the City 2,http://www.imdb.com/title/tt1261945/
Girls on Top,http://www.imdb.com/title/tt0258827/
Mädchen Mädchen 2,http://www.imdb.com/title/tt0385891/
Wayne's World,http://www.imdb.com/title/tt0105793/
Wayne's World 2,http://www.imdb.com/title/tt0108525/
The French Connection,http://www.imdb.com/title/tt0067116/
French Connection II,http://www.imdb.com/title/tt0073018/
The Mask,http://www.imdb.com/title/tt0110475/
Son of the Mask,http://www.imdb.com/title/tt0362165/
The Pink Panther,http://www.imdb.com/title/tt0383216/
The Pink Panther 2,http://www.imdb.com/title/tt0838232/
The Silence of the Lambs,http://www.imdb.com/title/tt0102926/
Hannibal,http://www.imdb.com/title/tt0212985/
Red Dragon,http://www.imdb.com/title/tt0289765/
Hannibal Rising,http://www.imdb.com/title/tt0367959/
Manhunter,http://www.imdb.com/title/tt0091474/
Land of the Dead,http://www.imdb.com/title/tt0418819/
A Nightmare on Elm Street,http://www.imdb.com/title/tt0087800/
A Nightmare on Elm Street 2: Freddy's Revenge,http://www.imdb.com/title/tt0089686/
A Nightmare on Elm Street 3: Dream Warriors,http://www.imdb.com/title/tt0093629/
A Nightmare on Elm Street 4: The Dream Master,http://www.imdb.com/title/tt0095742/
A Nightmare on Elm Street 5: The Dream Child,http://www.imdb.com/title/tt0097981/
Freddy's Dead: The Final Nightmare,http://www.imdb.com/title/tt0101917/
Wes Craven's New Nightmare,http://www.imdb.com/title/tt0111686/
A Nightmare on Elm Street,http://www.imdb.com/title/tt1179056/
Freddy vs. Jason,http://www.imdb.com/title/tt0329101/
Friday the 13th,http://www.imdb.com/title/tt0080761/
Friday the 13th Part 2,http://www.imdb.com/title/tt0082418/
Friday the 13th Part III,http://www.imdb.com/title/tt0083972/
Friday the 13th: The Final Chapter,http://www.imdb.com/title/tt0087298/
Friday the 13th: A New Beginning,http://www.imdb.com/title/tt0089173/
Friday the 13th Part VI: Jason Lives,http://www.imdb.com/title/tt0091080/
Friday the 13th Part VII: The New Blood,http://www.imdb.com/title/tt0095179/
Friday the 13th Part VIII: Jason Takes Manhattan,http://www.imdb.com/title/tt0097388/
Jason Goes to Hell: The Final Friday,http://www.imdb.com/title/tt0107254/
Friday the 13th,http://www.imdb.com/title/tt0758746/
Pirates of the Caribbean: The Curse of the Black Pearl,http://www.imdb.com/title/tt0325980/
Pirates of the Caribbean: Dead Man's Chest,http://www.imdb.com/title/tt0383574/
Pirates of the Caribbean: At World's End,http://www.imdb.com/title/tt0449088/
Pirates of the Caribbean: On Stranger Tides,http://www.imdb.com/title/tt1298650/
Lara Croft: Tomb Raider,http://www.imdb.com/title/tt0146316/
Lara Croft Tomb Raider: The Cradle of Life,http://www.imdb.com/title/tt0325703/
The Godfather,http://www.imdb.com/title/tt0068646/
The Godfather: Part II,http://www.imdb.com/title/tt0071562/
The Godfather: Part III,http://www.imdb.com/title/tt0099674/
Ocean's Eleven,http://www.imdb.com/title/tt0240772/
Ocean's Twelve,http://www.imdb.com/title/tt0349903/
Ocean's Thirteen,http://www.imdb.com/title/tt0496806/
Planet of the Apes,http://www.imdb.com/title/tt0063442/
Beneath the Planet of the Apes,http://www.imdb.com/title/tt0065462/
Escape from the Planet of the Apes,http://www.imdb.com/title/tt0067065/
Conquest of the Planet of the Apes,http://www.imdb.com/title/tt0068408/
Battle for the Planet of the Apes,http://www.imdb.com/title/tt0069768/
Arthur and the Invisibles,http://www.imdb.com/title/tt0344854/
Arthur et la vengeance de Maltazard,http://www.imdb.com/title/tt0940657/
Arthur 3: la guerre des deux mondes,http://www.imdb.com/title/tt0940656/
Cheaper by the Dozen,http://www.imdb.com/title/tt0349205/
Cheaper by the Dozen 2,http://www.imdb.com/title/tt0452598/
Ace Ventura: Pet Detective,http://www.imdb.com/title/tt0109040/
Ace Ventura: When Nature Calls,http://www.imdb.com/title/tt0112281/
Nanny McPhee,http://www.imdb.com/title/tt0396752/
Nanny McPhee Returns,http://www.imdb.com/title/tt1415283/
The Expendables,http://www.imdb.com/title/tt1320253/
The Expendables 2,http://www.imdb.com/title/tt1764651/
G.I. Joe: The Rise of Cobra,http://www.imdb.com/title/tt1046173/
G.I. Joe: Retaliation,http://www.imdb.com/title/tt1583421/
Turbulence,http://www.imdb.com/title/tt0120390/
Turbulence 2: Fear of Flying,http://www.imdb.com/title/tt0192701/
Universal Soldier,http://www.imdb.com/title/tt0105698/
Universal Soldier: The Return,http://www.imdb.com/title/tt0176269/
Universal Soldier: Regeneration,http://www.imdb.com/title/tt1288403/
Universal Soldier: Day of Reckoning,http://www.imdb.com/title/tt1659343/
Dungeons & Dragons,http://www.imdb.com/title/tt0190374/
Nochnoy dozor,http://www.imdb.com/title/tt0403358/
Dnevnoy dozor,http://www.imdb.com/title/tt0409904/
Elizabeth,http://www.imdb.com/title/tt0127536/
Elizabeth: The Golden Age,http://www.imdb.com/title/tt0414055/
Harry Potter and the Sorcerer's Stone,http://www.imdb.com/title/tt0241527/
Harry Potter and the Chamber of Secrets,http://www.imdb.com/title/tt0295297/
Harry Potter and the Prisoner of Azkaban,http://www.imdb.com/title/tt0304141/
Harry Potter and the Goblet of Fire,http://www.imdb.com/title/tt0330373/
Harry Potter and the Order of the Phoenix,http://www.imdb.com/title/tt0373889/
Harry Potter and the Half-Blood Prince,http://www.imdb.com/title/tt0417741/
Harry Potter and the Deathly Hallows: Part 1,http://www.imdb.com/title/tt0926084/
Harry Potter and the Deathly Hallows: Part 2,http://www.imdb.com/title/tt1201607/
28 Days Later...,http://www.imdb.com/title/tt0289043/
28 Weeks Later,http://www.imdb.com/title/tt0463854/
The Da Vinci Code,http://www.imdb.com/title/tt0382625/
Angels & Demons,http://www.imdb.com/title/tt0808151/
The Boondock Saints,http://www.imdb.com/title/tt0144117/
The Boondock Saints II: All Saints Day,http://www.imdb.com/title/tt1300851/
Dirty Dancing,http://www.imdb.com/title/tt0092890/
Dirty Dancing: Havana Nights,http://www.imdb.com/title/tt0338096/
Donnie Darko,http://www.imdb.com/title/tt0246578/
S. Darko,http://www.imdb.com/title/tt1231277/
Love's Abiding Joy,http://www.imdb.com/title/tt0785025/
Ghost Rider,http://www.imdb.com/title/tt0259324/
Ghost Rider: Spirit of Vengeance,http://www.imdb.com/title/tt1071875/
The Exorcist,http://www.imdb.com/title/tt0070047/
Exorcist II: The Heretic,http://www.imdb.com/title/tt0076009/
The Exorcist III,http://www.imdb.com/title/tt0099528/
Exorcist: The Beginning,http://www.imdb.com/title/tt0204313/
Dominion,http://www.imdb.com/title/tt0449086/
The Last Exorcism,http://www.imdb.com/title/tt1320244/
The X Files,http://www.imdb.com/title/tt0120902/
The X Files: I Want to Believe,http://www.imdb.com/title/tt0443701/
The Crimson Rivers,http://www.imdb.com/title/tt0228786/
Les rivières pourpres 2 - Les anges de l'apocalypse,http://www.imdb.com/title/tt0337103/
Les visiteurs,http://www.imdb.com/title/tt0108500/
Les couloirs du temps: Les visiteurs II,http://www.imdb.com/title/tt0120882/
Battle Royale,http://www.imdb.com/title/tt0266308/
Battle Royale II,http://www.imdb.com/title/tt0338763/
Terms of Endearment,http://www.imdb.com/title/tt0086425/
The Evening Star,http://www.imdb.com/title/tt0116240/
Happy Feet,http://www.imdb.com/title/tt0366548/
Happy Feet Two,http://www.imdb.com/title/tt1402488/
Romancing the Stone,http://www.imdb.com/title/tt0088011/
The Jewel of the Nile,http://www.imdb.com/title/tt0089370/
The War of the Roses,http://www.imdb.com/title/tt0098621/
Look Who's Talking,http://www.imdb.com/title/tt0097778/
Look Who's Talking Too,http://www.imdb.com/title/tt0100050/
Look Who's Talking Now,http://www.imdb.com/title/tt0107438/
Legally Blonde,http://www.imdb.com/title/tt0250494/
Legally Blonde 2,http://www.imdb.com/title/tt0333780/
American Psycho,http://www.imdb.com/title/tt0144084/
Scooby-Doo,http://www.imdb.com/title/tt0267913/
Scooby-Doo 2: Monsters Unleashed,http://www.imdb.com/title/tt0331632/
Home Alone,http://www.imdb.com/title/tt0099785/
Home Alone 2: Lost in New York,http://www.imdb.com/title/tt0104431/
Home Alone 3,http://www.imdb.com/title/tt0119303/
Balto,http://www.imdb.com/title/tt0112453/
Mesrine Part 1: Killer Instinct,http://www.imdb.com/title/tt1259014/
Mesrine Part 2: Public Enemy #1,http://www.imdb.com/title/tt0411272/
The Tall Blond Man with One Black Shoe,http://www.imdb.com/title/tt0068655/
The Return of the Tall Blond Man,http://www.imdb.com/title/tt0072080/
Dark Planet,http://www.imdb.com/title/tt0972558/
Obitaemyy ostrov. Skhvatka,http://www.imdb.com/title/tt1399952/
Lyubov-Morkov,http://www.imdb.com/title/tt0976209/
Lyubov 2 Morkov,http://www.imdb.com/title/tt1414840/
Love-Carrot 3,http://www.imdb.com/title/tt1666169/
Paragraf 78,http://www.imdb.com/title/tt0459924/
Paragraf 78 - Film vtoroy,http://www.imdb.com/title/tt1097014/
[Anti]killer,http://www.imdb.com/title/tt0325005/
Antikiller 2: Antiterror,http://www.imdb.com/title/tt0405699/
Antikiller D.K.,http://www.imdb.com/title/tt1532261/
Short Circuit,http://www.imdb.com/title/tt0091949/
Short Circuit 2,http://www.imdb.com/title/tt0096101/
Keinohrhasen,http://www.imdb.com/title/tt0960790/
Zweiohrküken,http://www.imdb.com/title/tt1343755/
Pet Sematary,http://www.imdb.com/title/tt0098084/
Pet Sematary II,http://www.imdb.com/title/tt0105128/
The Three Musketeers,http://www.imdb.com/title/tt0072281/
The Four Musketeers: Milady's Revenge,http://www.imdb.com/title/tt0073012/
Three Steps Above Heaven,http://www.imdb.com/title/tt1648216/
Tengo ganas de ti,http://www.imdb.com/title/tt1797504/
The Fly,http://www.imdb.com/title/tt0091064/
The Fly II,http://www.imdb.com/title/tt0097368/
Rush Hour,http://www.imdb.com/title/tt0120812/
Rush Hour 2,http://www.imdb.com/title/tt0266915/
Rush Hour 3,http://www.imdb.com/title/tt0293564/
Police Academy,http://www.imdb.com/title/tt0087928/
Police Academy 2: Their First Assignment,http://www.imdb.com/title/tt0089822/
Police Academy 3: Back in Training,http://www.imdb.com/title/tt0091777/
Police Academy 4: Citizens on Patrol,http://www.imdb.com/title/tt0093756/
Police Academy 5: Assignment: Miami Beach,http://www.imdb.com/title/tt0095882/
Police Academy 6: City Under Siege,http://www.imdb.com/title/tt0098105/
Police Academy: Mission to Moscow,http://www.imdb.com/title/tt0110857/
Paranormal Activity,http://www.imdb.com/title/tt1179904/
Paranormal Activity 2,http://www.imdb.com/title/tt1536044/
Paranormal Activity 3,http://www.imdb.com/title/tt1778304/
Paranormal Activity 4,http://www.imdb.com/title/tt2109184/
Dirty Harry,http://www.imdb.com/title/tt0066999/
Magnum Force,http://www.imdb.com/title/tt0070355/
Sudden Impact,http://www.imdb.com/title/tt0086383/
The Dead Pool,http://www.imdb.com/title/tt0094963/
The Enforcer,http://www.imdb.com/title/tt0074483/
Smokin' Aces,http://www.imdb.com/title/tt0475394/
Under Siege,http://www.imdb.com/title/tt0105690/
Under Siege 2: Dark Territory,http://www.imdb.com/title/tt0114781/
Death Race,http://www.imdb.com/title/tt0452608/
Atlas Shrugged: Part I,http://www.imdb.com/title/tt0480239/
Atlas Shrugged II: The Strike,http://www.imdb.com/title/tt1985017/
National Treasure,http://www.imdb.com/title/tt0368891/
National Treasure: Book of Secrets,http://www.imdb.com/title/tt0465234/
The Hangover,http://www.imdb.com/title/tt1119646/
The Hangover Part II,http://www.imdb.com/title/tt1411697/
The Hangover Part III,http://www.imdb.com/title/tt1951261/
Deuce Bigalow: Male Gigolo,http://www.imdb.com/title/tt0205000/
Deuce Bigalow: European Gigolo,http://www.imdb.com/title/tt0367652/
Fletch,http://www.imdb.com/title/tt0089155/
Fletch Lives,http://www.imdb.com/title/tt0097366/
City of God,http://www.imdb.com/title/tt0317248/
Cidade dos Homens,http://www.imdb.com/title/tt0870090/
Elite Squad,http://www.imdb.com/title/tt0861739/
Elite Squad 2: The Enemy Within,http://www.imdb.com/title/tt1555149/
Kick-Ass,http://www.imdb.com/title/tt1250777/
Kick-Ass 2,http://www.imdb.com/title/tt1650554/
RED,http://www.imdb.com/title/tt1245526/
RED 2,http://www.imdb.com/title/tt1821694/
The Talented Mr. Ripley,http://www.imdb.com/title/tt0134119/
Ripley's Game,http://www.imdb.com/title/tt0265651/
Ripley Under Ground,http://www.imdb.com/title/tt0219171/
Escape from New York,http://www.imdb.com/title/tt0082340/
Escape from L.A.,http://www.imdb.com/title/tt0116225/
The Lawnmower Man,http://www.imdb.com/title/tt0104692/
Lawnmower Man 2: Beyond Cyberspace,http://www.imdb.com/title/tt0116839/
"Honey, I Shrunk the Kids",http://www.imdb.com/title/tt0097523/
"Honey, I Blew Up the Kid",http://www.imdb.com/title/tt0104437/
Honey,http://www.imdb.com/title/tt0322589/
Honey 2,http://www.imdb.com/title/tt1657283/
Psycho,http://www.imdb.com/title/tt0054215/
Psycho II,http://www.imdb.com/title/tt0086154/
Fortress,http://www.imdb.com/title/tt0106950/
Fortress 2,http://www.imdb.com/title/tt0179183/
White Noise,http://www.imdb.com/title/tt0375210/
White Noise 2: The Light,http://www.imdb.com/title/tt0496436/
Cocoon,http://www.imdb.com/title/tt0088933/
Cocoon: The Return,http://www.imdb.com/title/tt0094890/
Magic Mike,http://www.imdb.com/title/tt1915581/
Magic Mike XXL,http://www.imdb.com/title/tt2268016/
Jumper,http://www.imdb.com/title/tt0489099/
Lilo & Stitch,http://www.imdb.com/title/tt0275847/
The Sisterhood of the Traveling Pants,http://www.imdb.com/title/tt0403508/
The Sisterhood of the Traveling Pants 2,http://www.imdb.com/title/tt1018785/
Bad Santa,http://www.imdb.com/title/tt0307987/
Bad Santa 2,http://www.imdb.com/title/tt1798603/
District B13,http://www.imdb.com/title/tt0414852/
District 13: Ultimatum,http://www.imdb.com/title/tt1247640/
Taxi,http://www.imdb.com/title/tt0152930/
Taxi 2,http://www.imdb.com/title/tt0183869/
Taxi 3,http://www.imdb.com/title/tt0295721/
Taxi 4,http://www.imdb.com/title/tt0804540/
Miss Congeniality,http://www.imdb.com/title/tt0212346/
Miss Congeniality 2: Armed & Fabulous,http://www.imdb.com/title/tt0385307/
Screamers,http://www.imdb.com/title/tt0114367/
"I, Robot",http://www.imdb.com/title/tt0343818/
I Am Legend,http://www.imdb.com/title/tt0480249/
Sherlock Holmes,http://www.imdb.com/title/tt0988045/
Sherlock Holmes: A Game of Shadows,http://www.imdb.com/title/tt1515091/
Star Trek: The Motion Picture,http://www.imdb.com/title/tt0079945/
Star Trek II: The Wrath of Khan,http://www.imdb.com/title/tt0084726/
Star Trek III: The Search for Spock,http://www.imdb.com/title/tt0088170/
Star Trek IV: The Voyage Home,http://www.imdb.com/title/tt0092007/
Star Trek V: The Final Frontier,http://www.imdb.com/title/tt0098382/
Star Trek VI: The Undiscovered Country,http://www.imdb.com/title/tt0102975/
Star Trek: Generations,http://www.imdb.com/title/tt0111280/
Star Trek: First Contact,http://www.imdb.com/title/tt0117731/
Star Trek: Insurrection,http://www.imdb.com/title/tt0120844/
Star Trek: Nemesis,http://www.imdb.com/title/tt0253754/
Basic Instinct,http://www.imdb.com/title/tt0103772/
Basic Instinct 2,http://www.imdb.com/title/tt0430912/
Undisputed,http://www.imdb.com/title/tt0281322/
Resident Evil: Degeneration,http://www.imdb.com/title/tt1174954/
Resident Evil: Damnation,http://www.imdb.com/title/tt1753496/
The Amazing Spider-Man,http://www.imdb.com/title/tt0948470/
The Amazing Spider-Man 2,http://www.imdb.com/title/tt1872181/
Machete,http://www.imdb.com/title/tt0985694/
Machete Kills,http://www.imdb.com/title/tt2002718/
21 Jump Street,http://www.imdb.com/title/tt1232829/
22 Jump Street,http://www.imdb.com/title/tt2294449/
The Arrival,http://www.imdb.com/title/tt0115571/
Arrival II,http://www.imdb.com/title/tt0122961/
8MM,http://www.imdb.com/title/tt0134273/
The Girl with the Dragon Tattoo,http://www.imdb.com/title/tt1132620/
The Girl Who Played with Fire,http://www.imdb.com/title/tt1216487/
The Girl Who Kicked the Hornet's Nest,http://www.imdb.com/title/tt1343097/
Alone in the Dark,http://www.imdb.com/title/tt0369226/
BloodRayne,http://www.imdb.com/title/tt0383222/
BloodRayne: The Third Reich,http://www.imdb.com/title/tt1153546/
In the Name of the King: A Dungeon Siege Tale,http://www.imdb.com/title/tt0460780/
In the Name of the King: Two Worlds,http://www.imdb.com/title/tt1767319/
In the Name of the King: The Last Mission,http://www.imdb.com/title/tt2379386/
Cube,http://www.imdb.com/title/tt0123755/
Cube²: Hypercube,http://www.imdb.com/title/tt0285492/
Cube Zero,http://www.imdb.com/title/tt0377713/
Bad Ass,http://www.imdb.com/title/tt1928330/
12 Rounds,http://www.imdb.com/title/tt1160368/
12 Rounds 2: Reloaded,http://www.imdb.com/title/tt2317524/
Insidious,http://www.imdb.com/title/tt1591095/
Insidious: Chapter 2,http://www.imdb.com/title/tt2226417/
Insidious: Chapter 3,http://www.imdb.com/title/tt3195644/
Monsters,http://www.imdb.com/title/tt1470827/
Monsters: Dark Continent,http://www.imdb.com/title/tt1935302/
Divergent,http://www.imdb.com/title/tt1840309/
Insurgent,http://www.imdb.com/title/tt2908446/
Allegiant,http://www.imdb.com/title/tt3410834/
Rio,http://www.imdb.com/title/tt1436562/
Rio 2,http://www.imdb.com/title/tt2357291/
Jarhead,http://www.imdb.com/title/tt0418763/
The Best Exotic Marigold Hotel,http://www.imdb.com/title/tt1412386/
The Second Best Exotic Marigold Hotel,http://www.imdb.com/title/tt2555736/
Nymphomaniac: Vol. I,http://www.imdb.com/title/tt1937390/
Nymphomaniac: Vol. II,http://www.imdb.com/title/tt2382009/
The Lego Movie,http://www.imdb.com/title/tt1490017/
The Lego Movie 2: The Second Part,http://www.imdb.com/title/tt3513498/
Furious 6,http://www.imdb.com/title/tt1905041/
Furious 7,http://www.imdb.com/title/tt2820852/
The Woman in Black,http://www.imdb.com/title/tt1596365/
The Woman in Black 2: Angel of Death,http://www.imdb.com/title/tt2339741/
The Trip,http://www.imdb.com/title/tt1740047/
The Trip to Italy,http://www.imdb.com/title/tt2967006/
The Best Man,http://www.imdb.com/title/tt0168501/
The Best Man Holiday,http://www.imdb.com/title/tt2083355/
Agent Cody Banks,http://www.imdb.com/title/tt0313911/
Agent Cody Banks 2: Destination London,http://www.imdb.com/title/tt0358349/
101 Dalmatians,http://www.imdb.com/title/tt0115433/
102 Dalmatians,http://www.imdb.com/title/tt0211181/
Anchorman: The Legend of Ron Burgundy,http://www.imdb.com/title/tt0357413/
Anchorman 2: The Legend Continues,http://www.imdb.com/title/tt1229340/
Lung hing foo dai,http://www.imdb.com/title/tt0091431/
Operation Condor,http://www.imdb.com/title/tt0099558/
Sap ji sang ciu,http://www.imdb.com/title/tt1424310/
Police Story,http://www.imdb.com/title/tt0089374/
Police Story 2,http://www.imdb.com/title/tt0095403/
Supercop,http://www.imdb.com/title/tt0104558/
Supercop 2,http://www.imdb.com/title/tt0106544/
First Strike,http://www.imdb.com/title/tt0116704/
New Police Story,http://www.imdb.com/title/tt0386005/
Police Story: Lockdown,http://www.imdb.com/title/tt2599716/
Before Sunrise,http://www.imdb.com/title/tt0112471/
Before Sunset,http://www.imdb.com/title/tt0381681/
Before Midnight,http://www.imdb.com/title/tt2209418/
Asterix and Obelix vs. Caesar,http://www.imdb.com/title/tt0133385/
Asterix & Obelix: Mission Cleopatra,http://www.imdb.com/title/tt0250223/
Astérix aux jeux olympiques,http://www.imdb.com/title/tt0463872/
Astérix and Obélix: God Save Britannia,http://www.imdb.com/title/tt1597522/
Tremors,http://www.imdb.com/title/tt0100814/
Transformers: Age of Extinction,http://www.imdb.com/title/tt2109248/
Transformers: The Last Knight,http://www.imdb.com/title/tt3371366/
Teenage Mutant Ninja Turtles,http://www.imdb.com/title/tt1291150/
Teenage Mutant Ninja Turtles: Out of the Shadows,http://www.imdb.com/title/tt3949660/
The Equalizer,http://www.imdb.com/title/tt0455944/
The Equalizer 2,http://www.imdb.com/title/tt3766354/
The Hunger Games,http://www.imdb.com/title/tt1392170/
The Hunger Games: Catching Fire,http://www.imdb.com/title/tt1951264/
The Hunger Games: Mockingjay - Part 1,http://www.imdb.com/title/tt1951265/
The Hunger Games: Mockingjay - Part 2,http://www.imdb.com/title/tt1951266/
The Omega Code,http://www.imdb.com/title/tt0203408/
Megiddo,http://www.imdb.com/title/tt0263728/
Ride Along,http://www.imdb.com/title/tt1408253/
Ride Along 2,http://www.imdb.com/title/tt2869728/
The Muppets,http://www.imdb.com/title/tt1204342/
Muppets Most Wanted,http://www.imdb.com/title/tt2281587/
The Muppet Movie,http://www.imdb.com/title/tt0079588/
The Muppets Take Manhattan,http://www.imdb.com/title/tt0087755/
The Great Muppet Caper,http://www.imdb.com/title/tt0082474/
Muppets from Space,http://www.imdb.com/title/tt0158811/
A Haunted House,http://www.imdb.com/title/tt2243537/
A Haunted House 2,http://www.imdb.com/title/tt2828996/
Think Like a Man,http://www.imdb.com/title/tt1621045/
Think Like a Man Too,http://www.imdb.com/title/tt2239832/
Into the Blue,http://www.imdb.com/title/tt0378109/
Critters,http://www.imdb.com/title/tt0090887/
Critters 2,http://www.imdb.com/title/tt0094919/
Critters 3,http://www.imdb.com/title/tt0101627/
Critters 4,http://www.imdb.com/title/tt0101628/
Dolphin Tale,http://www.imdb.com/title/tt1564349/
Dolphin Tale 2,http://www.imdb.com/title/tt2978462/
Hot Tub Time Machine,http://www.imdb.com/title/tt1231587/
Hot Tub Time Machine 2,http://www.imdb.com/title/tt2637294/
Paul Blart: Mall Cop,http://www.imdb.com/title/tt1114740/
Paul Blart: Mall Cop 2,http://www.imdb.com/title/tt3450650/
Horrible Bosses,http://www.imdb.com/title/tt1499658/
Horrible Bosses 2,http://www.imdb.com/title/tt2170439/
The Descent,http://www.imdb.com/title/tt0435625/
The Descent: Part 2,http://www.imdb.com/title/tt1073105/
Quarantine,http://www.imdb.com/title/tt1082868/
Quarantine 2: Terminal,http://www.imdb.com/title/tt1699231/
REC,http://www.imdb.com/title/tt1038988/
[Rec] 2,http://www.imdb.com/title/tt1245112/
[REC] 3: Genesis,http://www.imdb.com/title/tt1649444/
[REC] 4: Apocalypse,http://www.imdb.com/title/tt1649443/
V/H/S,http://www.imdb.com/title/tt2105044/
V/H/S/2,http://www.imdb.com/title/tt2450186/
V/H/S Viral,http://www.imdb.com/title/tt3704538/
Grave Encounters,http://www.imdb.com/title/tt1703199/
Grave Encounters 2,http://www.imdb.com/title/tt2231554/
An American Werewolf in London,http://www.imdb.com/title/tt0082010/
An American Werewolf in Paris,http://www.imdb.com/title/tt0118604/
The Blues Brothers,http://www.imdb.com/title/tt0080455/
Blues Brothers 2000,http://www.imdb.com/title/tt0118747/
Fantomas,http://www.imdb.com/title/tt0058089/
Fantômas se déchaîne,http://www.imdb.com/title/tt0059168/
Fantômas contre Scotland Yard,http://www.imdb.com/title/tt0060400/
Carlito's Way,http://www.imdb.com/title/tt0106519/
Fright Night,http://www.imdb.com/title/tt0089175/
Fright Night Part 2,http://www.imdb.com/title/tt0097390/
Fright Night,http://www.imdb.com/title/tt1438176/
Child's Play,http://www.imdb.com/title/tt0094862/
Child's Play 2,http://www.imdb.com/title/tt0099253/
Child's Play 3,http://www.imdb.com/title/tt0103956/
Bride of Chucky,http://www.imdb.com/title/tt0144120/
Seed of Chucky,http://www.imdb.com/title/tt0387575/
Curse of Chucky,http://www.imdb.com/title/tt2230358/
Cult of Chucky,http://www.imdb.com/title/tt3280262/
Get Smart,http://www.imdb.com/title/tt0425061/
The Dead,http://www.imdb.com/title/tt1386925/
The Dead 2: India,http://www.imdb.com/title/tt2917336/
The Cell,http://www.imdb.com/title/tt0209958/
Major League,http://www.imdb.com/title/tt0097815/
Major League II,http://www.imdb.com/title/tt0110442/
Major League: Back to the Minors,http://www.imdb.com/title/tt0120742/
Mirrors,http://www.imdb.com/title/tt0790686/
Piranha 3D,http://www.imdb.com/title/tt0464154/
Piranha 3DD,http://www.imdb.com/title/tt1714203/
The Hills Have Eyes,http://www.imdb.com/title/tt0454841/
The Hills Have Eyes 2,http://www.imdb.com/title/tt0800069/
I Spit on Your Grave,http://www.imdb.com/title/tt1242432/
I Spit on Your Grave 2,http://www.imdb.com/title/tt2537176/
The Collector,http://www.imdb.com/title/tt0844479/
The Collection,http://www.imdb.com/title/tt1748227/
The Hills Have Eyes,http://www.imdb.com/title/tt0077681/
The Hills Have Eyes Part II,http://www.imdb.com/title/tt0089274/
30 Days of Night,http://www.imdb.com/title/tt0389722/
The Mechanic,http://www.imdb.com/title/tt0472399/
Mechanic: Resurrection,http://www.imdb.com/title/tt3522806/
Ted,http://www.imdb.com/title/tt1637725/
Ted 2,http://www.imdb.com/title/tt2637276/
Poltergeist,http://www.imdb.com/title/tt0084516/
Poltergeist II: The Other Side,http://www.imdb.com/title/tt0091778/
Poltergeist III,http://www.imdb.com/title/tt0095889/
Clerks,http://www.imdb.com/title/tt0109445/
Clerks II,http://www.imdb.com/title/tt0424345/
The Raid: Redemption,http://www.imdb.com/title/tt1899353/
The Raid 2,http://www.imdb.com/title/tt2265171/
Cat People,http://www.imdb.com/title/tt0034587/
The Curse of the Cat People,http://www.imdb.com/title/tt0036733/
The Hobbit: An Unexpected Journey,http://www.imdb.com/title/tt0903624/
The Hobbit: The Desolation of Smaug,http://www.imdb.com/title/tt1170358/
The Hobbit: The Battle of the Five Armies,http://www.imdb.com/title/tt2310332/
Wall Street,http://www.imdb.com/title/tt0094291/
Wall Street: Money Never Sleeps,http://www.imdb.com/title/tt1027718/
A Fistful of Dollars,http://www.imdb.com/title/tt0058461/
For a Few Dollars More,http://www.imdb.com/title/tt0059578/
"The Good, the Bad and the Ugly",http://www.imdb.com/title/tt0060196/
Young Guns,http://www.imdb.com/title/tt0096487/
Young Guns II,http://www.imdb.com/title/tt0100994/
Finding Nemo,http://www.imdb.com/title/tt0266543/
Finding Dory,http://www.imdb.com/title/tt2277860/
Bad Lieutenant,http://www.imdb.com/title/tt0103759/
Bad Lieutenant: Port of Call New Orleans,http://www.imdb.com/title/tt1095217/
Taken,http://www.imdb.com/title/tt0936501/
Taken 2,http://www.imdb.com/title/tt1397280/
Taken 3,http://www.imdb.com/title/tt2446042/
Project A,http://www.imdb.com/title/tt0085127/
Project A 2,http://www.imdb.com/title/tt0092501/
Cloverfield,http://www.imdb.com/title/tt1060277/
10 Cloverfield Lane,http://www.imdb.com/title/tt1179933/
Olympus Has Fallen,http://www.imdb.com/title/tt2302755/
London Has Fallen,http://www.imdb.com/title/tt3300542/
My Big Fat Greek Wedding,http://www.imdb.com/title/tt0259446/
My Big Fat Greek Wedding 2,http://www.imdb.com/title/tt3760922/
Man of Steel,http://www.imdb.com/title/tt0770828/
Batman v Superman: Dawn of Justice,http://www.imdb.com/title/tt2975590/
Justice League,http://www.imdb.com/title/tt0974015/
The Avengers,http://www.imdb.com/title/tt0848228/
Avengers: Age of Ultron,http://www.imdb.com/title/tt2395427/
Avengers: Infinity War,http://www.imdb.com/title/tt4154756/
Avengers: Endgame,http://www.imdb.com/title/tt4154796/
Thor,http://www.imdb.com/title/tt0800369/
Thor: The Dark World,http://www.imdb.com/title/tt1981115/
Thor: Ragnarok,http://www.imdb.com/title/tt3501632/
Captain America: The First Avenger,http://www.imdb.com/title/tt0458339/
Captain America: The Winter Soldier,http://www.imdb.com/title/tt1843866/
Captain America: Civil War,http://www.imdb.com/title/tt3498820/
Deadpool,http://www.imdb.com/title/tt1431045/
Deadpool 2,http://www.imdb.com/title/tt5463162/
The Purge,http://www.imdb.com/title/tt2184339/
The Purge: Anarchy,http://www.imdb.com/title/tt2975578/
The Purge: Election Year,http://www.imdb.com/title/tt4094724/
Zoolander,http://www.imdb.com/title/tt0196229/
Zoolander 2,http://www.imdb.com/title/tt1608290/
Alice in Wonderland,http://www.imdb.com/title/tt1014759/
Alice Through the Looking Glass,http://www.imdb.com/title/tt2567026/
Independence Day,http://www.imdb.com/title/tt0116629/
Independence Day: Resurgence,http://www.imdb.com/title/tt1628841/
Unbreakable,http://www.imdb.com/title/tt0217869/
Split,http://www.imdb.com/title/tt4972582/
Glass,http://www.imdb.com/title/tt6823368/
The Hustler,http://www.imdb.com/title/tt0054997/
The Color of Money,http://www.imdb.com/title/tt0090863/
Blue Crush,http://www.imdb.com/title/tt0300532/
Trainspotting,http://www.imdb.com/title/tt0117951/
T2 Trainspotting,http://www.imdb.com/title/tt2763304/
Blade Runner,http://www.imdb.com/title/tt0083658/
Blade Runner 2049,http://www.imdb.com/title/tt1856101/
Guardians of the Galaxy,http://www.imdb.com/title/tt2015381/
Guardians of the Galaxy Vol. 2,http://www.imdb.com/title/tt3896198/
Prometheus,http://www.imdb.com/title/tt1446714/
Alien: Covenant,http://www.imdb.com/title/tt2316204/
Rise of the Planet of the Apes,http://www.imdb.com/title/tt1318514/
Dawn of the Planet of the Apes,http://www.imdb.com/title/tt2103281/
War for the Planet of the Apes,http://www.imdb.com/title/tt3450958/
Star Trek,http://www.imdb.com/title/tt0796366/
Star Trek Into Darkness,http://www.imdb.com/title/tt1408101/
Star Trek Beyond,http://www.imdb.com/title/tt2660888/
Gremlins,http://www.imdb.com/title/tt0087363/
Gremlins 2: The New Batch,http://www.imdb.com/title/tt0099700/
Dumb and Dumber,http://www.imdb.com/title/tt0109686/
Dumb and Dumberer: When Harry Met Lloyd,http://www.imdb.com/title/tt0329028/
Dumb and Dumber To,http://www.imdb.com/title/tt2096672/
Despicable Me,http://www.imdb.com/title/tt1323594/
Despicable Me 2,http://www.imdb.com/title/tt1690953/
Despicable Me 3,http://www.imdb.com/title/tt3469046/
Kingsman: The Secret Service,http://www.imdb.com/title/tt2802144/
Kingsman: The Golden Circle,http://www.imdb.com/title/tt4649466/
Goon,http://www.imdb.com/title/tt1456635/
Goon: Last of the Enforcers,http://www.imdb.com/title/tt2417712/
The Maze Runner,http://www.imdb.com/title/tt1790864/
Maze Runner: The Scorch Trials,http://www.imdb.com/title/tt4046784/
Maze Runner: The Death Cure,http://www.imdb.com/title/tt4500922/
Paddington,http://www.imdb.com/title/tt1109624/
Paddington 2,http://www.imdb.com/title/tt4468740/
Three Colors: Blue,http://www.imdb.com/title/tt0108394/
Three Colors: White,http://www.imdb.com/title/tt0111507/
Three Colors: Red,http://www.imdb.com/title/tt0111495/
Hotel Transylvania,http://www.imdb.com/title/tt0837562/
Hotel Transylvania 2,http://www.imdb.com/title/tt2510894/
Hotel Transylvania 3: Summer Vacation,http://www.imdb.com/title/tt5220122/
Mamma Mia!,http://www.imdb.com/title/tt0795421/
Mamma Mia! Here We Go Again,http://www.imdb.com/title/tt6911608/
The Incredibles,http://www.imdb.com/title/tt0317705/
Incredibles 2,http://www.imdb.com/title/tt3606756/
Wreck-It Ralph,http://www.imdb.com/title/tt1772341/
Ralph Breaks the Internet,http://www.imdb.com/title/tt5848272/
Johnny English,http://www.imdb.com/title/tt0274166/
Johnny English Reborn,http://www.imdb.com/title/tt1634122/
Johnny English Strikes Again,http://www.imdb.com/title/tt6921996/
Cars,http://www.imdb.com/title/tt0317219/
Cars 2,http://www.imdb.com/title/tt1216475/
Cars 3,http://www.imdb.com/title/tt3606752/
Happy Death Day,http://www.imdb.com/title/tt5308322/
Happy Death Day 2U,http://www.imdb.com/title/tt8155288/
Mission: Impossible,http://www.imdb.com/title/tt0117060/
Mission: Impossible II,http://www.imdb.com/title/tt0120755/
Mission: Impossible III,http://www.imdb.com/title/tt0317919/
Mission: Impossible - Ghost Protocol,http://www.imdb.com/title/tt1229238/
Mission: Impossible - Rogue Nation,http://www.imdb.com/title/tt2381249/
Mission: Impossible - Fallout,http://www.imdb.com/title/tt4912910/
The Secret Life of Pets,http://www.imdb.com/title/tt2709768/
The Secret Life of Pets 2,http://www.imdb.com/title/tt5113040/
A Dog's Purpose,http://www.imdb.com/title/tt1753383/
A Dog's Journey,http://www.imdb.com/title/tt8385474/
John Wick,http://www.imdb.com/title/tt2911666/
John Wick: Chapter 2,http://www.imdb.com/title/tt4425200/
John Wick: Chapter 3 - Parabellum,http://www.imdb.com/title/tt6146586/
Spider-Man: Homecoming,http://www.imdb.com/title/tt2250912/
Spider-Man: Far from Home,http://www.imdb.com/title/tt6320628/
El Mariachi,http://www.imdb.com/title/tt0104815/
Desperado,http://www.imdb.com/title/tt0112851/
Once Upon a Time in Mexico,http://www.imdb.com/title/tt0285823/
Sin City,http://www.imdb.com/title/tt0401792/
Sin City: A Dame to Kill For,http://www.imdb.com/title/tt0458481/
How to Train Your Dragon,http://www.imdb.com/title/tt0892769/
How to Train Your Dragon 2,http://www.imdb.com/title/tt1646971/
How to Train Your Dragon: The Hidden World,http://www.imdb.com/title/tt2386490/
Toy Story,http://www.imdb.com/title/tt0114709/
Toy Story 2,http://www.imdb.com/title/tt0120363/
Toy Story 3,http://www.imdb.com/title/tt0435761/
Toy Story 4,http://www.imdb.com/title/tt1979376/
Annabelle,http://www.imdb.com/title/tt3322940/
Annabelle: Creation,http://www.imdb.com/title/tt5140878/
Annabelle Comes Home,http://www.imdb.com/title/tt8350360/
The Conjuring,http://www.imdb.com/title/tt1457767/
The Conjuring 2,http://www.imdb.com/title/tt3065204/
Angry Birds,http://www.imdb.com/title/tt1985949/
The Angry Birds Movie 2,http://www.imdb.com/title/tt6095472/
It,http://www.imdb.com/title/tt1396484/
It Chapter Two,http://www.imdb.com/title/tt7349950/
Zombieland,http://www.imdb.com/title/tt1156398/
Zombieland: Double Tap,http://www.imdb.com/title/tt1560220/
The Shining,http://www.imdb.com/title/tt0081505/
Doctor Sleep,http://www.imdb.com/title/tt5606664/
Dogville,http://www.imdb.com/title/tt0276919/
Manderlay,http://www.imdb.com/title/tt0342735/
Dr. No,http://www.imdb.com/title/tt0055928/
From Russia with Love,http://www.imdb.com/title/tt0057076/
Goldfinger,http://www.imdb.com/title/tt0058150/
Thunderball,http://www.imdb.com/title/tt0059800/
You Only Live Twice,http://www.imdb.com/title/tt0062512/
Casino Royale,http://www.imdb.com/title/tt0061452/
On Her Majesty's Secret Service,http://www.imdb.com/title/tt0064757/
Diamonds Are Forever,http://www.imdb.com/title/tt0066995/
Live and Let Die,http://www.imdb.com/title/tt0070328/
The Man with the Golden Gun,http://www.imdb.com/title/tt0071807/
The Spy Who Loved Me,http://www.imdb.com/title/tt0076752/
Moonraker,http://www.imdb.com/title/tt0079574/
For Your Eyes Only,http://www.imdb.com/title/tt0082398/
Octopussy,http://www.imdb.com/title/tt0086034/
Never Say Never Again,http://www.imdb.com/title/tt0086006/
A View to a Kill,http://www.imdb.com/title/tt0090264/
The Living Daylights,http://www.imdb.com/title/tt0093428/
Licence to Kill,http://www.imdb.com/title/tt0097742/
GoldenEye,http://www.imdb.com/title/tt0113189/
Tomorrow Never Dies,http://www.imdb.com/title/tt0120347/
The World Is Not Enough,http://www.imdb.com/title/tt0143145/
Die Another Day,http://www.imdb.com/title/tt0246460/
Casino Royale,http://www.imdb.com/title/tt0381061/
Quantum of Solace,http://www.imdb.com/title/tt0830515/
Skyfall,http://www.imdb.com/title/tt1074638/
Spectre,http://www.imdb.com/title/tt2379713/
Diary of a Mad Black Woman,http://www.imdb.com/title/tt0422093/
Madea's Family Reunion,http://www.imdb.com/title/tt0455612/
Madea Goes to Jail,http://www.imdb.com/title/tt1142800/
I Can Do Bad All by Myself,http://www.imdb.com/title/tt1385912/
Madea's Big Happy Family,http://www.imdb.com/title/tt1787759/
Madea's Witness Protection,http://www.imdb.com/title/tt2215285/
A Madea Christmas,http://www.imdb.com/title/tt2609758/
Madea's Tough Love,http://www.imdb.com/title/tt4185364/
Tyler Perry's Boo! A Madea Halloween,http://www.imdb.com/title/tt5325452/
Boo 2! A Madea Halloween,http://www.imdb.com/title/tt6217804/
Tyler Perry's A Madea Family Funeral,http://www.imdb.com/title/tt7054636/
Mad Max: Fury Road,https://www.imdb.com/title/tt1392190/
Snow White 1,https://www.imdb.com/title/tt1735898/
Snow White 2,https://www.imdb.com/title/tt2381991/
Furious 8,https://www.imdb.com/title/tt4630562/
Maleficent 1,https://www.imdb.com/title/tt1587310/
Maleficent 2,https://www.imdb.com/title/tt4777008/
Frozen 1,https://www.imdb.com/title/tt2294629/
Frozen 2,https://www.imdb.com/title/tt4520988/
Narnia 1,https://www.imdb.com/title/tt0363771/
Narnia 2,https://www.imdb.com/title/tt0499448/
MIB 4,https://www.imdb.com/title/tt2283336/
Jumanji 1,https://www.imdb.com/title/tt2283362/
Jumanji 2,https://www.imdb.com/title/tt7975244/
Ocean's 8,https://www.imdb.com/title/tt5164214/
The Transporter 4,https://www.imdb.com/title/tt2938956/
Ant-Man 1,https://www.imdb.com/title/tt0478970/
Ant-Man 2,https://www.imdb.com/title/tt5095030/
The Predator,https://www.imdb.com/title/tt3829266/
Transformers 4,https://www.imdb.com/title/tt2109248/
Transformers 5,https://www.imdb.com/title/tt3371366/
Bumblebee,https://www.imdb.com/title/tt4701182/
Star Wars 7,https://www.imdb.com/title/tt2488496/
Star Wars 8,https://www.imdb.com/title/tt2527336/
Star Wars 9,https://www.imdb.com/title/tt2527338/
Fantastic Beasts 1,https://www.imdb.com/title/tt3183660/
Fantastic Beasts 2,https://www.imdb.com/title/tt4123430/
Terminator Genisys,https://www.imdb.com/title/tt1340138/
Terminator Dark Fate,https://www.imdb.com/title/tt6450804/
Patriot Games,https://www.imdb.com/title/tt0105112/
Clear and Present Danger,https://www.imdb.com/title/tt0109444/
Barbershop,https://www.imdb.com/title/tt0303714/
Barbershop 2,https://www.imdb.com/title/tt0337579/
Suicide Squad,https://www.imdb.com/title/tt1386697/
Birds of Prey,https://www.imdb.com/title/tt7713068/
Mallrats,https://www.imdb.com/title/tt0113749/
Chasing Amy,https://www.imdb.com/title/tt0118842/
Dogma,https://www.imdb.com/title/tt0120655/
Jay and Silent Bob Strike Back,https://www.imdb.com/title/tt0261392/
Creed 1,https://www.imdb.com/title/tt3076658/
Creed 2,https://www.imdb.com/title/tt6343314/
Tron,https://www.imdb.com/title/tt0084827/
Tron 2,https://www.imdb.com/title/tt1104001/
Shaun of the Dead,https://www.imdb.com/title/tt0365748/
Hot Fuzz,https://www.imdb.com/title/tt0425112/
X-Men:Apocolypse,https://www.imdb.com/title/tt3385516/
Jackass 1,https://www.imdb.com/title/tt0322802/
Jackass 2,https://www.imdb.com/title/tt0493430/
Pitch Perfect 1,https://www.imdb.com/title/tt1981677/
Pitch Perfect 2,https://www.imdb.com/title/tt2848292/
Friday,https://www.imdb.com/title/tt0113118/
Next Friday,https://www.imdb.com/title/tt0195945/
Insidious 4,https://www.imdb.com/title/tt5726086/
Jaws,https://www.imdb.com/title/tt0073195/
Jaws 2,https://www.imdb.com/title/tt0077766/
Jaws 3,https://www.imdb.com/title/tt0085750/
Jaws 4,https://www.imdb.com/title/tt0093300/
Neverending Story 1,https://www.imdb.com/title/tt0088323/
Neverending Story 2,https://www.imdb.com/title/tt0100240/
Taxi 2,https://www.imdb.com/title/tt0183869/
Taxi 3,https://www.imdb.com/title/tt0295721/
Phantasm 1,https://www.imdb.com/title/tt0079714/
Phantasm 2,https://www.imdb.com/title/tt0095863/
Stepfather 1,https://www.imdb.com/title/tt0094035/
Stepfather 2,https://www.imdb.com/title/tt0098385/
Diary of a Wimpy Kid,https://www.imdb.com/title/tt1196141/
Diary of a Wimpy Kid 2,https://www.imdb.com/title/tt1650043/
Diary of a Wimpy Kid 3,https://www.imdb.com/title/tt2023453/
Diary of a Wimpy Kid 4,https://www.imdb.com/title/tt6003368/
Mighty Ducks,https://www.imdb.com/title/tt0104868/
Mighty Ducks 2,https://www.imdb.com/title/tt0109520/
TMNT 1,https://www.imdb.com/title/tt0100758/
TMNT 2,https://www.imdb.com/title/tt0103060/
Death Wish 1,https://www.imdb.com/title/tt0071402/
Death Wish 2,https://www.imdb.com/title/tt0082250/
Death Wish 3,https://www.imdb.com/title/tt0089003/
Death Wish 4,https://www.imdb.com/title/tt0092857/
Dhoom 1,https://www.imdb.com/title/tt0422091/
Dhoom 2,https://www.imdb.com/title/tt0441048/
Crocodile Dundee 1,https://www.imdb.com/title/tt0090555/
Crocodile Dundee 2,https://www.imdb.com/title/tt0092493/
Smokey and the Bandit 1,https://www.imdb.com/title/tt0076729/
Smokey and the Bandit 2,https://www.imdb.com/title/tt0081529/
Cannonball Run,https://www.imdb.com/title/tt0082136/
Cannonball Run 2,https://www.imdb.com/title/tt0087032/
Goal 1,https://www.imdb.com/title/tt0380389/
Goal 2,https://www.imdb.com/title/tt0473360/
Porky's,https://www.imdb.com/title/tt0084522/
Porky's 2,https://www.imdb.com/title/tt0086129/
Warlock 1,https://www.imdb.com/title/tt0098622/
Warlock 2,https://www.imdb.com/title/tt0108517/
Beastmaster 1,https://www.imdb.com/title/tt0083630/
Beastmaster 2,https://www.imdb.com/title/tt0101412/
Free Willy 1,https://www.imdb.com/title/tt0106965/
Free Willy 2,https://www.imdb.com/title/tt0113114/
Paranormal Activity 5,https://www.imdb.com/title/tt2473682/
Paranormal Activity 6,https://www.imdb.com/title/tt2473510/
Honey 1,https://www.imdb.com/title/tt0322589/
Honey 2,https://www.imdb.com/title/tt1657283/
Witchboard 1,https://www.imdb.com/title/tt0090327/
Witchboard 2,https://www.imdb.com/title/tt0108577/
Kickboxer ,https://www.imdb.com/title/tt0097659/
Kickboxer 6,https://www.imdb.com/title/tt3082898/
Highlander 1,https://www.imdb.com/title/tt0091203/
Highlander 2,https://www.imdb.com/title/tt0102034/
Highlander 3,https://www.imdb.com/title/tt0110027/
Highlander 4,https://www.imdb.com/title/tt0144964/
Urban Legend 1,https://www.imdb.com/title/tt0146336/
Urban Legend 2,https://www.imdb.com/title/tt0192731/
Iron Eagle,https://www.imdb.com/title/tt0091278/
Iron Eagle 2,https://www.imdb.com/title/tt0095382/
Fifty Shades 1,https://www.imdb.com/title/tt2322441/
Fifty Shades 2,https://www.imdb.com/title/tt4465564/
Crime Story,https://www.imdb.com/title/tt0108656/
